{
    "TensorTrust": {
        "mean": 1.8181818181818181,
        "std": 0.0
    },
    "purple": {
        "mean": 52.98245614035088,
        "std": 0.0
    },
    "gandalf": {
        "mean": 0.0,
        "std": 0.0
    },
    "rules": {
        "mean": 53.333333333333336,
        "std": 0.0
    },
    "hackerprompt": {
        "mean": 0.0,
        "std": 0.0
    },
    "bipia-text": {
        "mean": 0.0,
        "std": 0.0
    },
    "bipia-code": {
        "mean": 1.9666666666666666,
        "std": 0.0
    }
}