{
    "TensorTrust": {
        "mean": 23.636363636363637,
        "std": 0.0
    },
    "purple": {
        "mean": 55.78947368421052,
        "std": 0.0
    },
    "gandalf": {
        "mean": 0.0,
        "std": 0.0
    },
    "rules": {
        "mean": 65.96491228070175,
        "std": 0.0
    },
    "hackerprompt": {
        "mean": 0.0,
        "std": 0.0
    },
    "bipia-text": {
        "mean": 1.6296550671550674,
        "std": 0.0
    },
    "bipia-code": {
        "mean": 5.949999999999999,
        "std": 0.0
    }
}