{
    "TensorTrust": {
        "mean": 35.75757575757576,
        "std": 0.0
    },
    "purple": {
        "mean": 40.35087719298245,
        "std": 0.0
    },
    "gandalf": {
        "mean": 3.571428571428571,
        "std": 0.0
    },
    "rules": {
        "mean": 77.19298245614034,
        "std": 0.0
    },
    "hackerprompt": {
        "mean": 0.0,
        "std": 0.0
    },
    "bipia-text": {
        "mean": 1.0859279609279608,
        "std": 0.0
    },
    "bipia-code": {
        "mean": 5.833333333333333,
        "std": 0.0
    }
}