{
    "TensorTrust": {
        "mean": 22.424242424242426,
        "std": 0.0
    },
    "purple": {
        "mean": 57.19298245614035,
        "std": 0.0
    },
    "gandalf": {
        "mean": 60.71428571428571,
        "std": 0.0
    },
    "rules": {
        "mean": 79.2982456140351,
        "std": 0.0
    },
    "hackerprompt": {
        "mean": 0.0,
        "std": 0.0
    },
    "bipia-text": {
        "mean": 0.2116910866910867,
        "std": 0.0
    },
    "bipia-code": {
        "mean": 4.733333333333333,
        "std": 0.0
    }
}