{
    "TensorTrust": {
        "mean": 23.03030303030303,
        "std": 0.0
    },
    "purple": {
        "mean": 62.4561403508772,
        "std": 0.0
    },
    "gandalf": {
        "mean": 27.857142857142858,
        "std": 0.0
    },
    "rules": {
        "mean": 78.94736842105263,
        "std": 0.0
    },
    "hackerprompt": {
        "mean": 0.0,
        "std": 0.0
    },
    "bipia-text": {
        "mean": 1.1172161172161172,
        "std": 0.0
    },
    "bipia-code": {
        "mean": 4.266666666666667,
        "std": 0.0
    }
}