{
    "TensorTrust": {
        "mean": 9.090909090909092,
        "std": 0.0
    },
    "purple": {
        "mean": 43.859649122807014,
        "std": 0.0
    },
    "gandalf": {
        "mean": 0.0,
        "std": 0.0
    },
    "rules": {
        "mean": 59.64912280701754,
        "std": 0.0
    },
    "hackerprompt": {
        "mean": 1.0,
        "std": 0.0
    },
    "bipia-text": {
        "mean": 0.15270146520146521,
        "std": 0.0
    },
    "bipia-code": {
        "mean": 0.16666666666666669,
        "std": 0.0
    }
}