{
    "TensorTrust": {
        "mean": 44.24242424242424,
        "std": 0.0
    },
    "purple": {
        "mean": 68.77192982456141,
        "std": 0.0
    },
    "gandalf": {
        "mean": 0.7142857142857143,
        "std": 0.0
    },
    "rules": {
        "mean": 74.73684210526315,
        "std": 0.0
    },
    "hackerprompt": {
        "mean": 0.0,
        "std": 0.0
    },
    "bipia-text": {
        "mean": 0.6506410256410257,
        "std": 0.0
    },
    "bipia-code": {
        "mean": 3.783333333333333,
        "std": 0.0
    }
}