{
    "TensorTrust": {
        "mean": 25.454545454545453,
        "std": 0.0
    },
    "purple": {
        "mean": 35.78947368421053,
        "std": 0.0
    },
    "gandalf": {
        "mean": 0.7142857142857143,
        "std": 0.0
    },
    "rules": {
        "mean": 72.63157894736842,
        "std": 0.0
    },
    "hackerprompt": {
        "mean": 0.0,
        "std": 0.0
    },
    "bipia-text": {
        "mean": 1.072039072039072,
        "std": 0.0
    },
    "bipia-code": {
        "mean": 3.0833333333333335,
        "std": 0.0
    }
}