{
    "TensorTrust": {
        "mean": 0.6060606060606061,
        "std": 0.0
    },
    "purple": {
        "mean": 40.0,
        "std": 0.0
    },
    "gandalf": {
        "mean": 0.0,
        "std": 0.0
    },
    "rules": {
        "mean": 53.68421052631579,
        "std": 0.0
    },
    "hackerprompt": {
        "mean": 0.0,
        "std": 0.0
    },
    "bipia-text": {
        "mean": 0.0,
        "std": 0.0
    },
    "bipia-code": {
        "mean": 2.166666666666667,
        "std": 0.0
    }
}