{
    "TensorTrust": {
        "mean": 20.606060606060606,
        "std": 0.0
    },
    "purple": {
        "mean": 47.719298245614034,
        "std": 0.0
    },
    "gandalf": {
        "mean": 62.142857142857146,
        "std": 0.0
    },
    "rules": {
        "mean": 77.54385964912281,
        "std": 0.0
    },
    "hackerprompt": {
        "mean": 0.0,
        "std": 0.0
    },
    "bipia-text": {
        "mean": 0.1839133089133089,
        "std": 0.0
    },
    "bipia-code": {
        "mean": 2.35,
        "std": 0.0
    }
}