{
    "TensorTrust": {
        "mean": 40.60606060606061,
        "std": 0.0
    },
    "purple": {
        "mean": 65.26315789473685,
        "std": 0.0
    },
    "gandalf": {
        "mean": 50.0,
        "std": 0.0
    },
    "rules": {
        "mean": 72.63157894736842,
        "std": 0.0
    },
    "hackerprompt": {
        "mean": 2.0,
        "std": 0.0
    },
    "bipia-text": {
        "mean": 11.176053113553115,
        "std": 0.0
    },
    "bipia-code": {
        "mean": 7.166666666666667,
        "std": 0.0
    }
}