{
    "id": {
        "naive": [
            0.30288461538461536,
            0.30288461538461536,
            0.30288461538461536
        ],
        "ignore": [
            0.34615384615384615,
            0.3173076923076923,
            0.3798076923076923
        ],
        "escape_separation": [
            0.16346153846153846,
            0.17307692307692307,
            0.15865384615384615
        ],
        "completion_real": [
            0.6971153846153846,
            0.6971153846153846,
            0.6971153846153846
        ]
    },
    "ood": {
        "naive": [
            0.4230769230769231,
            0.4230769230769231,
            0.4230769230769231
        ],
        "ignore": [
            0.39903846153846156,
            0.4230769230769231,
            0.35096153846153844
        ],
        "escape_separation": [
            0.34615384615384615,
            0.3125,
            0.3269230769230769
        ],
        "completion_real": [
            0.8269230769230769,
            0.8269230769230769,
            0.8269230769230769
        ]
    }
}